ds;Humidity (%);Temperature (°C);External Temp (°C)
26/02/2024 07:40;61,2;3;29,5
26/02/2024 08:40;64,4;5;29,44
26/02/2024 09:40;64,9;24;29,5
26/02/2024 10:40;87;19;29,5
26/02/2024 11:40;74;14;29,5
26/02/2024 12:40;78;1;29,5
26/02/2024 13:40;79;18;29,5
26/02/2024 14:40;80;4;29,5
26/02/2024 15:40;83;6;29,5
26/02/2024 16:40;84;18;29,5
26/02/2024 17:40;77;15;29,5
26/02/2024 18:40;80;16;29,5
26/02/2024 19:40;42;28;29,44
26/02/2024 20:40;78;3;29,5
27/02/2024 07:40;83;2;29,44
27/02/2024 08:40;80;16;29,5
27/02/2024 09:40;70;2;29,5
27/02/2024 10:40;73;1;29,44
27/02/2024 11:40;80;6;29,5
27/02/2024 12:40;74;20;29,44
27/02/2024 13:40;76;3;29,44
27/02/2024 14:40;75;4;29,5
27/02/2024 15:40;78;3;29,5
27/02/2024 16:40;80;2;29,5
27/02/2024 17:40;82;2;29,44
27/02/2024 18:40;75;1;29,5
27/02/2024 19:40;78;3;29,5
27/02/2024 20:40;70;6;29,44
28/02/2024 07:40;69;4;29,44
28/02/2024 08:40;74;5;29,5
28/02/2024 09:40;80;6;29,5
28/02/2024 10:40;78;1;29,44
28/02/2024 11:40;80;4;29,44
28/02/2024 12:40;81;0;29,38
28/02/2024 13:40;76;1;29,44
28/02/2024 14:40;79;2;29,44
28/02/2024 15:40;84;0;29,44
28/02/2024 16:40;85;5;29,44
28/02/2024 17:40;75;4;29,38
28/02/2024 18:40;76;3;29,38
28/02/2024 19:40;77;1;29,44
28/02/2024 20:40;84;2;29,38
01/03/2024 07:40;75;3;29,38
01/03/2024 08:40;76;0;29,44
01/03/2024 09:40;78;4;29,38
01/03/2024 10:40;80;5;29,38
01/03/2024 11:40;85;6;29,38
01/03/2024 12:40;76;7;29,38
01/03/2024 13:40;78;8;29,31
01/03/2024 14:40;79;4;29,31
01/03/2024 15:40;50;25;29,19
01/03/2024 16:40;76;2;29,06
01/03/2024 17:40;78;1;29
01/03/2024 18:40;75;0;28,94
01/03/2024 19:40;80;2;28,81
01/03/2024 20:40;75;1;28,75
02/03/2024 07:40;76;3;28,69
27/02/2024 20:40;77;5;28,63
28/02/2024 07:40;80;24;28,5
28/02/2024 08:40;83;2;28,44
28/02/2024 09:40;76;1;28,38
28/02/2024 10:40;74;6;28,38
28/02/2024 11:40;70;4;28,31
28/02/2024 12:40;71;3;28,31
28/02/2024 13:40;72;1;28,38
28/02/2024 14:40;73;2;28,44
28/02/2024 15:40;74;4;28,5
28/02/2024 16:40;75;5;28,56
28/02/2024 17:40;78;6;28,63
28/02/2024 18:40;80;15;28,63
28/02/2024 19:40;92,6;21;28,56
28/02/2024 20:40;63,1;2;28,56
01/03/2024 07:40;63,5;0;28,63
01/03/2024 08:40;63,1;5;28,63
01/03/2024 09:40;60,9;4;28,63
01/03/2024 10:40;58,6;3;28,63
01/03/2024 11:40;57,3;1;28,56
01/03/2024 12:40;55,8;2;28,56
01/03/2024 13:40;54,8;3;28,56
01/03/2024 14:40;53,6;0;28,5
01/03/2024 15:40;52,5;4;28,44
01/03/2024 16:40;51,7;5;28,44
01/03/2024 17:40;51,3;6;28,38
01/03/2024 18:40;50,5;7;28,31
01/03/2024 19:40;50,2;8;28,31
01/03/2024 20:40;49,5;10;28,25
02/03/2024 07:40;49,5;3;28,25
02/03/2024 08:40;48,7;2;28,31
02/03/2024 09:40;48,2;1;28,25
02/03/2024 10:40;47,5;0;28,19
02/03/2024 11:40;47,2;2;28,13
02/03/2024 12:40;46,8;1;28,13
02/03/2024 13:40;46,5;3;28,06
02/03/2024 14:40;46,1;5;28,06
02/03/2024 15:40;45,7;4;28,06
02/03/2024 16:40;45,3;2;28
02/03/2024 17:40;45,1;1;27,94
02/03/2024 18:40;49,5;6;28
02/03/2024 19:40;49,5;4;27,94
02/03/2024 20:40;49,5;3;28
03/03/2024 07:40;49,6;1;28
03/03/2024 08:39;49,6;2;28
03/03/2024 09:39;49,7;4;27,94
03/03/2024 10:39;49,5;5;27,94
03/03/2024 11:39;49;6;27,94
03/03/2024 12:39;48,9;5;28
03/03/2024 13:39;63,1;4;28
03/03/2024 14:39;62;7;28,19
03/03/2024 15:39;66,1;2;28,38
03/03/2024 16:39;62,1;3;28,44
03/03/2024 17:39;62,1;5;28,5
03/03/2024 18:39;62,1;4;28,56
03/03/2024 19:39;62,1;0;28,56
03/03/2024 20:39;85;13;28,63
04/03/2024 07:39;61,8;1;28,63
04/03/2024 08:39;62;2;28,63
04/03/2024 09:40;61,5;4;28,69
04/03/2024 10:40;62;6;28,69
04/03/2024 11:40;61,9;8;28,69
04/03/2024 12:40;61,3;4;28,69
04/03/2024 13:41;61,2;6;28,75
04/03/2024 14:41;61;5;28,81
04/03/2024 15:41;60,9;3;28,81
04/03/2024 16:41;61;2;28,81
04/03/2024 17:41;60,9;4;28,81
04/03/2024 18:42;60,9;2;28,75
04/03/2024 19:42;61;1;28,81
04/03/2024 20:42;60,9;6;28,88
05/03/2024 07:42;61,4;5;28,88
05/03/2024 08:43;60,7;3;28,94
05/03/2024 09:43;60,6;4;28,94
05/03/2024 10:43;90;14;28,88
05/03/2024 11:43;60;2;28,94
05/03/2024 12:43;60,2;2;28,94
05/03/2024 13:44;60,3;1;29
05/03/2024 14:44;60,7;3;29
05/03/2024 15:44;60,6;6;29,06
05/03/2024 16:44;60,5;4;29,13
05/03/2024 17:44;60,2;5;29,13
05/03/2024 18:45;60,4;6;29,13
05/03/2024 19:45;59,9;1;29,13
05/03/2024 20:45;60,1;4;29,19
06/03/2024 07:45;59,9;0;29,19
06/03/2024 08:39;60;1;29,19
06/03/2024 09:34;59,8;2;29,25
06/03/2024 10:28;59,7;0;29,19
06/03/2024 11:22;59,5;5;29,25
06/03/2024 12:16;59,5;4;29,25
06/03/2024 13:10;59,4;3;29,25
06/03/2024 14:04;59,3;1;29,31
06/03/2024 14:59;59,4;2;29,31
06/03/2024 15:53;59,1;3;29,25
06/03/2024 16:47;58,9;0;29,31
06/03/2024 17:41;58,9;4;29,31
06/03/2024 18:35;58,9;5;29,31
06/03/2024 19:29;58,8;6;29,31
06/03/2024 20:23;59;7;29,31
07/03/2024 07:18;58,9;8;29,31
07/03/2024 08:12;58,9;4;29,31
07/03/2024 09:06;58,8;3;29,38
07/03/2024 10:00;58,8;2;29,44
07/03/2024 10:54;58,9;1;29,44
07/03/2024 11:48;58,4;8;29,25
07/03/2024 12:42;58,4;2;29,06
07/03/2024 13:37;58,5;1;28,81
07/03/2024 14:31;58,7;3;28,5
07/03/2024 15:25;58,9;5;28,25
07/03/2024 16:19;59,3;4;28,06
07/03/2024 17:13;58,6;2;27,81
07/03/2024 18:07;58,2;1;27,5
07/03/2024 19:02;57,8;6;27,13
07/03/2024 19:56;57,5;4;26,88
07/03/2024 20:50;57,1;3;26,56
08/03/2024 07:44;56,8;1;26,38
08/03/2024 08:44;56,6;2;26,13
08/03/2024 09:44;56,5;4;25,88
08/03/2024 10:44;55,9;5;25,69
08/03/2024 11:44;56;6;25,56
08/03/2024 12:44;55,9;5;25,44
08/03/2024 13:44;56,4;4;25,38
08/03/2024 14:44;57,1;7;25,38
08/03/2024 15:44;57,2;2;25,44
08/03/2024 16:44;57,5;3;25,38
08/03/2024 17:44;57,5;5;25,44
08/03/2024 18:44;57,7;4;25,44
08/03/2024 19:44;57;0;25,31
08/03/2024 20:44;57;3;25,19
09/03/2024 07:39;56,8;1;25,06
09/03/2024 08:39;56,4;2;25
09/03/2024 09:39;56,2;4;24,94
09/03/2024 10:39;56,5;6;24,81
09/03/2024 11:39;56,5;8;24,75
09/03/2024 12:39;56,7;4;24,81
09/03/2024 13:39;57,1;6;24,81
09/03/2024 14:39;57,4;5;24,81
09/03/2024 15:39;57,5;3;24,81
09/03/2024 16:39;58;2;24,94
09/03/2024 17:39;57,8;4;24,94
09/03/2024 18:39;57,6;2;24,94
09/03/2024 19:39;57;1;24,88
09/03/2024 20:39;56,8;6;24,81
10/03/2024 07:39;56,8;5;24,69
10/03/2024 08:39;57,4;3;24,75
10/03/2024 09:39;58,3;4;24,88
10/03/2024 10:39;58,2;3;24,94
10/03/2024 11:39;58,5;2;25
10/03/2024 12:39;58,5;5;25,06
10/03/2024 13:39;58,3;10;25
10/03/2024 14:39;58,2;4;25
10/03/2024 15:39;57,7;9;24,94
10/03/2024 16:39;57,6;3;24,88
10/03/2024 17:39;57,7;6;24,75
10/03/2024 18:39;58,4;10;24,75
10/03/2024 19:39;58,1;8;24,81
10/03/2024 20:39;57,6;5;24,75
11/03/2024 07:39;57,2;7;24,63
11/03/2024 08:39;56,8;1;24,56
11/03/2024 09:39;56,4;2;24,44
11/03/2024 10:39;56,5;1;24,38
11/03/2024 11:39;57,9;4;24,44
11/03/2024 12:39;58,7;7;24,56
11/03/2024 13:39;59,6;9;24,69
11/03/2024 14:39;59,8;1;24,81
11/03/2024 15:39;60,7;4;24,94
11/03/2024 16:39;61,4;3;25,13
11/03/2024 17:39;61,9;2;25,31
11/03/2024 18:39;62,2;10;25,5
11/03/2024 19:39;62,8;12;25,69
11/03/2024 20:39;62,7;6;25,75
12/03/2024 07:39;53;27;25,88
12/03/2024 08:39;63,2;28;25,88
12/03/2024 09:39;63,7;39;26,13
12/03/2024 10:39;63,8;30;26,19
12/03/2024 11:39;62,2;37;26,25
12/03/2024 12:39;61,5;35;26,25
12/03/2024 13:39;60,7;38;26,19
12/03/2024 14:39;60,5;39;26,25
12/03/2024 15:39;60,5;37;26,25
12/03/2024 16:39;60,5;40;26,13
12/03/2024 17:39;60,4;33;26,06
12/03/2024 18:39;60,4;29;26,13
12/03/2024 19:39;60,3;28;26
12/03/2024 20:39;60,3;35;25,81
13/03/2024 07:39;59,5;25;25,56
13/03/2024 08:39;58,9;25;25,38
13/03/2024 09:39;58,6;33;25,19
13/03/2024 10:39;58,4;36;25,06
13/03/2024 11:39;58;30;24,88
13/03/2024 12:39;57,8;40;24,75
13/03/2024 13:39;57,5;35;24,63
13/03/2024 14:39;57,5;32;24,56
13/03/2024 15:39;57,5;31;24,5
13/03/2024 16:39;57,2;37;24,44
13/03/2024 17:39;56,8;35;24,38
13/03/2024 18:39;57;38;24,38
13/03/2024 19:39;57,8;34;24,5
13/03/2024 20:39;59,3;39;24,75
14/03/2024 07:39;59,6;30;25
14/03/2024 08:39;59,6;40;25,19
14/03/2024 09:39;61,4;38;25,63
14/03/2024 10:39;64,1;34;26,25
14/03/2024 11:39;65,1;25;26,75
14/03/2024 12:39;65,1;28;27,19
14/03/2024 13:39;65,1;29;27,5
14/03/2024 14:39;65,2;30;27,75
14/03/2024 15:39;65,2;28;27,94
14/03/2024 16:39;64,9;35;28,06
14/03/2024 17:39;65,1;45;28,19
14/03/2024 18:39;64,8;43;28,31
14/03/2024 19:39;64,7;37;28,38
14/03/2024 20:39;64,6;29;28,38
15/03/2024 07:39;64,2;28;28,44
15/03/2024 08:39;64,2;25;28,5
15/03/2024 09:40;64,3;26;28,56
15/03/2024 10:41;64,2;45;28,63
15/03/2024 11:42;64,3;33;28,69
15/03/2024 12:43;64,4;35;28,75
15/03/2024 13:44;64,5;33;28,81
15/03/2024 14:45;64,2;32;28,81
15/03/2024 15:46;64;37;28,88
15/03/2024 16:47;63,5;36;28,94
15/03/2024 17:48;63,2;28;28,94
15/03/2024 18:49;63;25;29
15/03/2024 19:50;62,7;29;29,06
15/03/2024 20:51;62,5;33;29,13
09/03/2024 04:39;62,3;26;29,13
09/03/2024 05:39;62,3;28;29,13
09/03/2024 06:39;62,3;32;29,19
09/03/2024 07:39;62,3;30;29,13
09/03/2024 08:39;62,4;29;29,19
09/03/2024 09:39;62,4;28;29,25
09/03/2024 10:39;62,5;25;29,25
09/03/2024 11:39;62,5;26;29,31
09/03/2024 12:39;62,6;28;29,38
09/03/2024 13:39;62,6;30;29,38
09/03/2024 14:39;62,4;28;29,44
09/03/2024 15:39;61,9;29;29,44
09/03/2024 16:39;61,6;33;29,5
09/03/2024 17:39;61,9;25;29,5
09/03/2024 18:39;62,1;28;29,5
09/03/2024 19:39;62,2;33;29,44
09/03/2024 20:39;61,9;35;29,44
09/03/2024 21:39;61,7;27;29,44
09/03/2024 22:39;62,1;28;29,5
09/03/2024 23:39;62,4;34;29,5
10/03/2024 00:39;62,9;33;29,56
10/03/2024 01:39;62,3;29;29,56
10/03/2024 02:39;62,2;33;29,63
10/03/2024 03:39;62,2;25;29,69
10/03/2024 04:39;61,9;32;29,69
10/03/2024 05:39;61,6;30;29,75
10/03/2024 06:39;61,5;29;29,81
10/03/2024 07:39;61,1;35;29,81
10/03/2024 08:39;60,8;34;29,88
10/03/2024 09:39;60,7;29;29,88
10/03/2024 10:39;60,9;36;29,88
10/03/2024 11:39;61,2;35;29,88
10/03/2024 12:39;60,6;34;29,81
10/03/2024 13:39;61;18;30,5
10/03/2024 14:39;61;17;30,5
10/03/2024 15:39;61,1;19;30,56
10/03/2024 16:39;61,1;20;30,5
10/03/2024 17:39;61,4;17;30,56
10/03/2024 18:39;61,3;17;30,5
10/03/2024 19:39;61,1;18;30,56
10/03/2024 20:39;61,2;20;30,56
10/03/2024 21:39;61,1;19;30,56
10/03/2024 22:39;61,2;23;30,56
10/03/2024 23:39;61,1;22;30,5
11/03/2024 00:39;61,1;20;30,5
11/03/2024 01:39;61,3;19;30,56
11/03/2024 02:39;61,1;18;30,56
11/03/2024 03:39;61,4;19;30,56
11/03/2024 04:39;61,3;19;30,56
11/03/2024 05:39;61,3;18;30,56
11/03/2024 06:39;61,2;19;30,56
11/03/2024 07:39;61,4;17;30,56
11/03/2024 08:39;61,6;19;30,56
11/03/2024 09:39;61,4;19;30,63
11/03/2024 10:39;61,4;19;30,56
11/03/2024 11:39;61,4;22;30,56
11/03/2024 12:39;61,6;19;30,63
11/03/2024 13:39;61,7;18;30,63
11/03/2024 14:39;61,5;17;30,63
11/03/2024 15:39;61,6;18;30,63
11/03/2024 16:39;61,9;19;30,63
11/03/2024 17:39;61,7;17;30,56
11/03/2024 18:39;61,9;18;30,63
11/03/2024 19:39;61,8;17;30,63
11/03/2024 20:39;61,8;19;30,63
11/03/2024 21:39;61,8;18;30,69
11/03/2024 22:39;61,7;18;30,63
11/03/2024 23:39;61,7;15;30,69
12/03/2024 00:39;61,7;18;30,63
12/03/2024 01:39;61,7;17;30,69
12/03/2024 02:39;61,7;18;30,63
12/03/2024 03:39;61,7;18;30,69
12/03/2024 04:39;61,8;17;30,63
12/03/2024 05:39;61,8;18;30,69
12/03/2024 06:39;62;19;30,69
12/03/2024 07:39;62;17;30,69
12/03/2024 08:39;61,9;18;30,69
12/03/2024 09:39;62;17;30,69
12/03/2024 10:39;62;19;30,69
12/03/2024 11:39;62,1;18;30,69
12/03/2024 12:39;62;20;30,69
12/03/2024 13:39;62;15;30,75
12/03/2024 14:39;62,1;18;30,69
12/03/2024 15:39;61,8;17;30,69
12/03/2024 16:39;61,8;18;30,69
12/03/2024 17:39;61,8;19;30,69
12/03/2024 18:39;62;17;30,75
12/03/2024 19:39;61,9;18;30,75
12/03/2024 20:39;61,9;17;30,75
12/03/2024 21:39;61,9;19;30,75
12/03/2024 22:39;61,9;18;30,75
12/03/2024 23:39;61,7;20;30,75
13/03/2024 00:39;61,6;15;30,75
13/03/2024 01:39;61,7;18;30,75
13/03/2024 02:39;61,7;17;30,75
13/03/2024 03:39;61,7;18;30,75
13/03/2024 04:39;61,8;19;30,81
13/03/2024 05:39;61,8;17;30,81
13/03/2024 06:39;61,9;18;30,75
13/03/2024 07:39;61,8;17;30,81
13/03/2024 08:39;61,8;19;30,81
13/03/2024 09:39;61,8;18;30,81
13/03/2024 10:39;62;20;30,75
13/03/2024 11:39;61,9;15;30,75
13/03/2024 12:39;61,8;18;30,81
13/03/2024 13:39;61,8;17;30,81
13/03/2024 14:39;61,8;18;30,81
13/03/2024 15:39;61,8;19;30,81
13/03/2024 16:39;62;17;30,81
13/03/2024 17:39;61,8;18;30,81
13/03/2024 18:39;61,8;17;30,81
13/03/2024 19:39;62,1;19;30,81
13/03/2024 20:39;62,1;18;30,81
13/03/2024 21:39;62,1;20;30,88
13/03/2024 22:39;61,9;15;30,81
13/03/2024 23:39;61,9;18;30,81
14/03/2024 00:39;61,8;17;30,81
14/03/2024 01:39;61,8;18;30,81
14/03/2024 02:39;61,8;19;30,81
14/03/2024 03:39;61,8;17;30,81
14/03/2024 04:39;61,9;18;30,81
14/03/2024 05:39;61,8;17;30,81
14/03/2024 06:39;61,8;19;30,81
14/03/2024 07:39;61,8;18;30,81
14/03/2024 08:39;61,8;20;30,81
14/03/2024 09:39;61,8;15;30,88
14/03/2024 10:39;61,8;18;30,88
14/03/2024 11:39;61,8;17;30,88
14/03/2024 12:39;61,8;18;30,88
14/03/2024 13:39;61,9;19;30,88
14/03/2024 14:39;62;17;30,88
14/03/2024 15:39;62,1;18;30,88
14/03/2024 16:39;62;17;30,88
14/03/2024 17:39;61,9;19;30,88
14/03/2024 18:39;62,1;18;30,88
14/03/2024 19:39;62,1;20;30,88
14/03/2024 20:39;62,1;15;30,88
14/03/2024 21:39;62,1;18;30,88
14/03/2024 22:39;61,8;17;30,88
14/03/2024 23:39;61,8;18;30,88
15/03/2024 00:39;61,8;20;30,88
15/03/2024 01:39;61,8;19;30,88
15/03/2024 02:39;61,8;20;30,88
15/03/2024 03:39;61,7;5;30,88
15/03/2024 04:39;61,6;4;30,88
15/03/2024 05:39;61,5;1;30,88
15/03/2024 06:39;61,5;2;30,88
15/03/2024 07:39;62,5;3;30,88
15/03/2024 08:39;61,5;4;30,88
15/03/2024 09:39;61,8;5;30,88
15/03/2024 10:39;61,6;7;30,88
15/03/2024 11:39;61,4;8;30,88
15/03/2024 12:39;61,3;9;30,88
15/03/2024 13:39;61,3;22;30,88
15/03/2024 14:39;61,2;19;30,94
15/03/2024 15:39;61,2;22;30,94
15/03/2024 16:39;61,2;28;30,94
15/03/2024 17:39;61,3;24;30,94
15/03/2024 18:39;61,3;23;30,94
15/03/2024 19:39;61,4;22;30,94
15/03/2024 20:39;61,3;24;30,94
15/03/2024 21:39;61,4;24;30,94
15/03/2024 22:39;61,4;22;30,94
15/03/2024 23:39;61,3;21;30,94
16/03/2024 00:39;61,4;22;30,94
16/03/2024 01:39;61,5;25;30,94
16/03/2024 02:39;61,5;24;30,94
16/03/2024 03:39;61,6;25;30,94
16/03/2024 04:39;61,6;24;30,94
16/03/2024 05:39;61,5;23;30,94
16/03/2024 06:39;61,5;25;30,94
16/03/2024 07:39;61,4;27;30,94
16/03/2024 08:39;62;21;30,94
16/03/2024 09:39;61,2;25;30,94
16/03/2024 10:39;61,4;24;31
16/03/2024 11:39;61,1;23;31
16/03/2024 12:39;61,1;19;31
16/03/2024 13:39;61,3;18;31
16/03/2024 14:39;61,3;20;31,06
16/03/2024 15:39;60,8;22;31
16/03/2024 16:39;60,8;25;31
16/03/2024 17:39;61;23;31
16/03/2024 18:39;61,1;22;31
16/03/2024 19:39;60,7;6;31
16/03/2024 20:39;60,3;5;31
16/03/2024 21:39;60,3;4;31,06
16/03/2024 22:39;60,2;6;31,06
16/03/2024 23:39;60,3;1;31,06
17/03/2024 00:39;59,5;2;31,06
17/03/2024 01:39;59,7;4;31,06
17/03/2024 02:39;59,5;5;31,06
17/03/2024 03:39;59,7;4;31
17/03/2024 04:39;59,9;3;31,06
17/03/2024 05:39;60;2;31,06
17/03/2024 06:39;86;14;31,06
17/03/2024 07:39;86;13;31,06
17/03/2024 08:39;86;15;31,06
17/03/2024 09:39;86;17;31,06
17/03/2024 10:39;86;19;31,06
17/03/2024 11:39;86;15;31,06
17/03/2024 12:39;86;18;31,06
17/03/2024 13:39;86;14;31,06
17/03/2024 14:39;59,1;1;31,06
17/03/2024 15:39;59,2;6;31,06
17/03/2024 16:39;59,3;4;31,06
17/03/2024 17:39;35;28;31,06
17/03/2024 18:39;37;24;31,06
17/03/2024 19:39;38;26;31
17/03/2024 20:39;39;25;31,06
17/03/2024 21:39;40;23;31,06
17/03/2024 22:39;35;32;31,06
17/03/2024 23:39;36;34;31,06
18/03/2024 00:39;42;32;31,06
18/03/2024 01:39;40;33;31,13
18/03/2024 02:39;35;36;31,06
18/03/2024 03:39;25;28;31,13
18/03/2024 04:39;28;30;31,19
18/03/2024 05:39;20;34;31,19
18/03/2024 06:39;35;33;31,19
18/03/2024 07:39;40;32;31,19
18/03/2024 08:39;25;30;31,19
18/03/2024 09:39;36;31;31,19
18/03/2024 10:39;40;33;31,19
18/03/2024 11:39;35;36;31,19
18/03/2024 12:39;37;34;31,19
18/03/2024 13:39;38;30;31,19
18/03/2024 14:39;34;28;31,19
18/03/2024 15:39;35;24;31,19
18/03/2024 16:39;36;26;31,25
18/03/2024 17:39;29;25;31,25
18/03/2024 18:39;28;23;31,25
18/03/2024 19:39;35;32;31,31
18/03/2024 20:39;36;34;31,31
18/03/2024 21:39;35;32;31,38
18/03/2024 22:39;34;33;31,31
18/03/2024 23:39;37;36;31,38
19/03/2024 00:39;39;28;31,31
19/03/2024 01:39;38;30;31,31
19/03/2024 02:39;36;34;31,31
19/03/2024 03:39;37;33;31,31
19/03/2024 04:39;39;32;31,31
19/03/2024 05:39;40;30;31,31
19/03/2024 06:39;39;31;31,31
19/03/2024 07:39;41;33;31,31
19/03/2024 08:39;38;36;31,31
19/03/2024 09:39;36;34;31,31
19/03/2024 10:39;37;30;31,31
19/03/2024 11:39;35;28;31,25
19/03/2024 12:39;36;24;31,25
19/03/2024 13:39;29;26;31,31
19/03/2024 14:39;25;25;85
19/03/2024 15:39;38;23;27,56
19/03/2024 16:39;40;32;27,63
19/03/2024 17:39;40;34;33,63
19/03/2024 18:39;39;32;30,75
19/03/2024 19:39;38;33;29,81
19/03/2024 20:39;35;36;29,31
19/03/2024 21:39;34;28;29
19/03/2024 22:39;29;30;28,75
19/03/2024 23:39;33;34;28,69
20/03/2024 00:39;36;33;28,63
20/03/2024 01:39;40;32;28,56
20/03/2024 02:39;41;30;28,5
20/03/2024 03:39;35;31;28,5
20/03/2024 04:39;36;33;28,44
20/03/2024 05:39;38;36;28,44
20/03/2024 06:39;37;34;28,44
20/03/2024 07:39;39;30;28,44
20/03/2024 08:39;35;28;28,44
20/03/2024 09:39;36;24;28,44
20/03/2024 10:39;35;26;28,44
20/03/2024 11:39;34;25;28,5
20/03/2024 12:39;35;23;28,44
20/03/2024 13:39;40;32;28,5
20/03/2024 14:39;38;34;28,5
20/03/2024 15:39;36;32;28,5
20/03/2024 16:39;35;33;28,56
20/03/2024 17:39;34;36;28,56
20/03/2024 18:39;32;28;28,63
20/03/2024 19:39;35;30;28,63
20/03/2024 20:39;29;34;28,63
20/03/2024 21:39;33;33;28,69
20/03/2024 22:39;32;32;28,69
20/03/2024 23:39;31;30;28,69
21/03/2024 00:39;35;31;28,69
21/03/2024 01:39;39;33;28,69
21/03/2024 02:39;38;36;28,69
21/03/2024 03:39;36;34;28,69
21/03/2024 04:39;34;30;28,69
21/03/2024 05:39;35;28;28,69
21/03/2024 06:39;36;24;28,69
21/03/2024 07:39;34;26;28,69
21/03/2024 08:39;37;25;28,69
21/03/2024 09:39;36;23;28,75
21/03/2024 10:39;34;32;28,75
21/03/2024 11:39;35;34;28,75
21/03/2024 12:39;38;32;28,75
21/03/2024 13:39;40;33;28,81
21/03/2024 14:39;41;36;28,81
21/03/2024 15:39;29;28;28,88
21/03/2024 16:39;42;30;28,81
21/03/2024 17:39;43;34;28,81
21/03/2024 18:39;35;33;28,81
21/03/2024 19:39;36;32;28,81
21/03/2024 20:39;35;30;28,81
21/03/2024 21:39;33;31;28,88
21/03/2024 22:39;36;33;28,88
21/03/2024 23:39;35;36;28,94
22/03/2024 00:39;34;34;28,94
22/03/2024 01:39;38;30;28,94
22/03/2024 02:39;36;3;28,94
22/03/2024 03:39;38;2;28,88
22/03/2024 04:39;36;2;28,94
22/03/2024 05:39;35;1;28,94
22/03/2024 06:39;34;3;28,94
22/03/2024 07:39;33;6;28,94
22/03/2024 08:39;40;4;29
22/03/2024 09:39;36;5;28,94
22/03/2024 10:39;35;6;29
22/03/2024 11:39;38;1;29
22/03/2024 12:39;39;4;29
22/03/2024 13:39;40;0;29,06
22/03/2024 14:39;39;1;29,06
22/03/2024 15:39;38;2;29,06
22/03/2024 16:39;36;0;29,06
22/03/2024 17:39;34;5;29,13
22/03/2024 18:39;35;4;29,19
22/03/2024 19:39;36;3;29,19
22/03/2024 20:39;36;1;29,13
22/03/2024 21:39;34;2;29,19
22/03/2024 22:39;33;3;29,19
22/03/2024 23:39;35;0;29,19
23/03/2024 00:39;36;4;29,25
23/03/2024 01:39;37;5;29,25
23/03/2024 02:39;39;6;29,25
23/03/2024 03:39;40;7;29,25
23/03/2024 04:39;35;8;29,25
23/03/2024 05:39;38;4;29,31
23/03/2024 06:39;36;3;29,31
23/03/2024 07:39;37;2;26,75
23/03/2024 08:39;38;1;27,19
23/03/2024 09:39;36;0;27,5
23/03/2024 10:39;34;2;27,75
23/03/2024 11:39;35;1;27,94
23/03/2024 12:39;33;3;28,06
23/03/2024 13:39;29;5;28,19
23/03/2024 14:39;59,5;4;28,31
23/03/2024 15:39;59,6;2;28,38
23/03/2024 16:39;59,6;1;28,38
23/03/2024 17:39;59,6;6;28,44
23/03/2024 18:39;59,5;28;28,5
23/03/2024 19:39;59,6;24;28,56
23/03/2024 20:39;59,6;26;28,63
23/03/2024 21:39;59,7;25;28,69
23/03/2024 22:39;60,3;23;28,75
23/03/2024 23:39;59,5;32;28,81
24/03/2024 00:39;59,5;34;28,81
24/03/2024 01:39;59,6;32;28,88
24/03/2024 02:39;59,7;33;28,94
24/03/2024 03:39;59,7;36;28,94
24/03/2024 04:39;60,3;28;29
24/03/2024 05:39;60;30;29,06
24/03/2024 06:39;59,9;34;29,13
24/03/2024 07:39;59,7;33;29,13
24/03/2024 08:15;59,5;32;29,13
24/03/2024 09:14;59,4;30;29,19
24/03/2024 10:14;58,4;31;29,13
24/03/2024 11:14;58,5;33;29,19
24/03/2024 12:14;58,4;36;29,25
24/03/2024 13:14;58,7;34;29,25
24/03/2024 14:39;58,3;30;29,31
24/03/2024 15:14;58,1;29;29,38
24/03/2024 16:14;58,5;31;29,38
24/03/2024 17:14;58,4;40;29,44
24/03/2024 18:14;58;36;29,44
24/03/2024 19:14;58;28;29,5
24/03/2024 20:39;58;30;29,5
24/03/2024 21:39;58;34;29,5
24/03/2024 22:39;58,1;33;29,44
24/03/2024 23:39;58,6;32;29,44
25/03/2024 00:39;59,3;30;29,44
25/03/2024 01:39;78,2;31;29,5
25/03/2024 02:39;78,7;33;29,5
25/03/2024 03:39;80,2;36;29,56
25/03/2024 04:39;80,1;34;29,56
25/03/2024 05:39;78,9;30;29,63
25/03/2024 06:39;78;29;29,69
25/03/2024 07:39;75,4;31;29,69
25/03/2024 08:39;76,4;28;29,75
25/03/2024 09:39;76,2;34;29,81
25/03/2024 10:39;77;35;29,81
25/03/2024 11:39;77;6;29,88
25/03/2024 12:39;76,6;1;29,88
25/03/2024 13:39;76,2;4;29,88
25/03/2024 14:39;76,2;0;29,88
25/03/2024 15:39;76,8;1;29,81
25/03/2024 16:39;77,3;2;29,88
25/03/2024 17:39;76,8;0;29,88
25/03/2024 18:39;76,6;5;29,94
25/03/2024 19:39;76,5;4;29,94
25/03/2024 20:39;76,9;3;29,94
25/03/2024 21:39;76,2;1;30
25/03/2024 22:39;76,7;2;30
25/03/2024 23:39;76,4;3;30,06
26/03/2024 00:39;75,7;0;30,13
26/03/2024 01:39;77,3;4;30,13
26/03/2024 02:39;77,4;10;30,13
26/03/2024 03:39;76,9;19;30,13
26/03/2024 04:39;76,2;22;30,13
26/03/2024 05:39;75,1;28;30,06
26/03/2024 06:39;71,6;24;30,13
26/03/2024 07:39;73,3;23;30,13
26/03/2024 08:39;72,8;22;30,13
26/03/2024 09:39;72,3;24;30,13
26/03/2024 10:39;73,2;24;30,19
26/03/2024 11:39;73,4;22;30,25
26/03/2024 12:39;72,9;21;30,31
26/03/2024 13:39;72,5;22;30,25
26/03/2024 14:39;72,8;25;30,25
26/03/2024 15:39;73,3;24;30,25
26/03/2024 16:39;72,1;25;30,19
26/03/2024 17:39;73,2;24;30,25
26/03/2024 18:39;73,8;23;30,25
26/03/2024 19:39;73,2;25;30,19
26/03/2024 20:39;72,9;27;30,25
26/03/2024 21:39;73,1;21;30,25
26/03/2024 22:39;72,7;25;30,25
26/03/2024 23:39;72,4;24;30,25
27/03/2024 00:39;70,8;23;30,31
27/03/2024 01:39;71;26;30,31
27/03/2024 02:39;70,9;25;30,31
27/03/2024 03:39;71;24;30,38
27/03/2024 04:39;70,4;27;30,44
27/03/2024 05:39;71,8;22;30,5
27/03/2024 06:39;71,8;3;30,5
27/03/2024 07:39;71,8;5;30,5
27/03/2024 08:39;71;4;30,5
27/03/2024 09:39;70,7;0;30,5
27/03/2024 10:39;70;3;30,56
27/03/2024 11:39;70,4;1;30,56
27/03/2024 12:39;70;2;30,56
27/03/2024 13:39;71,9;4;30,5
27/03/2024 14:39;71,7;6;30,5
27/03/2024 15:39;71,8;28;30,5
27/03/2024 16:39;70,6;24;30,5
27/03/2024 17:39;70,6;26;30,56
27/03/2024 18:39;70,3;25;30,5
27/03/2024 19:39;70,3;23;30,56
27/03/2024 20:39;70,2;32;30,5
27/03/2024 21:39;70,7;34;30,56
27/03/2024 22:39;70,2;32;30,56
27/03/2024 23:39;71,2;33;30,56
28/03/2024 00:39;70,8;36;30,56
28/03/2024 01:39;71,4;28;30,5
28/03/2024 02:39;70,8;30;30,5
28/03/2024 03:39;72,1;34;30,56
28/03/2024 04:39;72,1;33;30,56
28/03/2024 05:39;71,1;32;30,56
28/03/2024 06:39;68,7;30;30,56
28/03/2024 07:39;69,8;31;30,56
28/03/2024 08:39;68,8;33;30,56
28/03/2024 09:39;70,8;36;30,56
28/03/2024 10:39;70,1;34;30,56
28/03/2024 11:39;71,3;30;30,63
28/03/2024 12:39;70,6;29;30,56
28/03/2024 13:39;70,1;31;30,56
28/03/2024 14:39;71,1;35;30,63
28/03/2024 15:39;70,1;0;30,63
28/03/2024 16:39;70,6;1;30,63
28/03/2024 17:39;70,3;2;30,63
28/03/2024 18:39;61,4;0;30,63
28/03/2024 19:39;62;5;30,56
28/03/2024 20:39;61,2;4;30,63
28/03/2024 21:39;61,4;3;30,63
28/03/2024 22:39;61,1;1;30,63
28/03/2024 23:39;61,1;2;30,69
29/03/2024 00:39;61,3;3;30,63
29/03/2024 01:39;61,3;0;30,69
29/03/2024 02:39;60,8;4;30,63
29/03/2024 03:39;60,8;5;30,69
29/03/2024 04:39;61;6;30,63
29/03/2024 05:39;61,1;7;30,69
29/03/2024 06:39;60,7;8;30,63
29/03/2024 07:39;60,3;4;30,69
29/03/2024 08:39;60,3;3;30,69
29/03/2024 09:39;60,2;2;30,69
29/03/2024 10:39;60,3;1;30,69
29/03/2024 11:39;40;20;30,69
29/03/2024 12:39;59,7;2;30,69
29/03/2024 13:39;59,5;1;30,69
29/03/2024 14:39;59,7;3;30,69
29/03/2024 15:39;59,9;5;30,75
29/03/2024 16:39;90;16;30,69
29/03/2024 17:39;60,1;2;30,69
29/03/2024 18:39;60,3;1;30,69
29/03/2024 19:39;57;5;33
29/03/2024 20:39;56;2,3;35
29/03/2024 21:39;37;4,5;34
29/03/2024 22:39;61,3;0;30,69
29/03/2024 23:39;60,8;4;30,63
30/03/2024 00:39;60,8;5;30,69
30/03/2024 01:39;61;6;30,63
30/03/2024 02:39;61,1;7;30,69
30/03/2024 03:39;60,7;8;30,63
30/03/2024 04:39;60,3;4;30,69
30/03/2024 05:39;60,3;3;30,69
30/03/2024 06:39;60,2;2;30,69
30/03/2024 07:39;60,3;1;30,69
30/03/2024 08:39;61,3;2;30,69
30/03/2024 09:39;60,8;4;30,63
30/03/2024 10:39;60,8;5;30,69
30/03/2024 11:39;61;6;30,63
30/03/2024 12:39;61,1;10;30,69
30/03/2024 13:39;60,7;1;30,63
30/03/2024 14:39;60,3;2;30,69
30/03/2024 15:39;60,3;3;30,69
30/03/2024 16:39;60,2;4;30,69
30/03/2024 17:39;60,3;9;30,69
30/03/2024 18:39;61,3;7;30,69
30/03/2024 19:39;60,8;8;30,63
30/03/2024 20:39;60,8;6;30,69
30/03/2024 21:39;61;5;30,63
30/03/2024 22:39;61,1;4;30,69
30/03/2024 23:39;60,7;3;30,63
31/03/2024 00:39;60,3;2;30,69
31/03/2024 01:39;60,3;1;30,69
31/03/2024 02:39;60,2;8;30,69
31/03/2024 03:39;60,3;9;30,69
31/03/2024 04:39;61,3;5;30,69
31/03/2024 05:39;60,8;10;30,63
31/03/2024 06:39;60,8;1;30,69
31/03/2024 07:39;61;2;30,63
31/03/2024 08:39;61,1;3;30,69
31/03/2024 09:39;60,7;4;30,63
31/03/2024 10:39;60,3;5;30,69
31/03/2024 11:39;60,3;6;30,69
31/03/2024 12:39;60,2;7;30,69
31/03/2024 13:39;60,3;10;30,69
31/03/2024 14:39;61,3;8;30,69
31/03/2024 15:39;60,8;1;30,63
31/03/2024 16:39;60,8;1;30,69
31/03/2024 17:39;61;2;30,63
31/03/2024 18:39;61,1;3;30,69
31/03/2024 19:39;60,7;4;30,63
31/03/2024 20:39;60,3;5;30,69
31/03/2024 21:39;60,3;6;30,69
31/03/2024 22:39;60,2;8;30,69
31/03/2024 23:39;60,3;7;30,69
01/04/2024 00:39;61,3;9;30,69
01/04/2024 01:39;60,8;6;30,63
01/04/2024 02:39;60,8;7;30,69
01/04/2024 03:39;61;8;30,63
01/04/2024 04:39;61,1;5;30,69
01/04/2024 05:39;60,7;6;30,63
01/04/2024 06:39;60,3;4;30,69
01/04/2024 07:39;60,3;3;30,69
01/04/2024 08:39;60,2;2;30,69
01/04/2024 09:39;60,3;1;30,69
01/04/2024 10:39;61,3;0;30,69
01/04/2024 11:39;60,8;4;30,63
01/04/2024 12:39;60,8;5;30,69
01/04/2024 13:39;61;6;30,63
01/04/2024 14:39;61,1;7;30,69
01/04/2024 15:39;60,7;8;30,63
01/04/2024 16:39;60,3;4;30,69
01/04/2024 17:39;60,3;3;30,69
01/04/2024 18:39;60,2;2;30,69
01/04/2024 19:39;60,3;1;30,69
01/04/2024 20:39;61,3;0;30,69
01/04/2024 21:39;60,8;4;30,63
01/04/2024 22:39;60,8;5;30,69
01/04/2024 23:39;61;6;30,63
02/04/2024 00:39;61,1;7;30,69
02/04/2024 01:39;60,7;8;30,63
02/04/2024 02:39;60,3;4;30,69
02/04/2024 03:39;60,3;3;30,69
02/04/2024 04:39;60,2;2;30,69
02/04/2024 05:39;60,3;1;30,69
02/04/2024 06:39;61,3;0;30,69
02/04/2024 07:39;60,8;4;30,63
02/04/2024 08:39;60,8;5;30,69
02/04/2024 09:39;61;6;30,63
02/04/2024 10:39;61,1;7;30,69
02/04/2024 11:39;60,7;8;30,63
02/04/2024 12:39;60,3;4;30,69
02/04/2024 13:39;60,3;3;30,69
02/04/2024 14:39;60,2;2;30,69
02/04/2024 15:39;60,3;1;30,69
02/04/2024 16:39;61,3;0;30,69
02/04/2024 17:39;60,8;4;30,63
02/04/2024 18:39;60,8;5;30,69
02/04/2024 19:39;61;6;30,63
02/04/2024 20:39;61,1;7;30,69
02/04/2024 21:39;60,7;8;30,63
02/04/2024 22:39;60,3;4;30,69
02/04/2024 23:39;60,3;3;30,69
03/04/2024 00:39;60,2;2;30,69
03/04/2024 01:39;60,3;1;30,69
03/04/2024 02:39;61,3;0;30,69
03/04/2024 03:39;60,8;4;30,63
03/04/2024 04:39;60,8;5;30,69
03/04/2024 05:39;61;6;30,63
03/04/2024 06:39;61,1;7;30,69
03/04/2024 07:39;60,7;8;30,63
03/04/2024 08:39;60,3;4;30,69
03/04/2024 09:39;60,3;3;30,69
03/04/2024 10:39;60,2;2;30,69
03/04/2024 11:39;60,3;1;30,69
03/04/2024 12:39;61,3;0;30,69
03/04/2024 13:39;60,8;4;30,63
03/04/2024 14:39;60,8;5;30,69
03/04/2024 15:39;61;6;30,63
03/04/2024 16:39;61,1;7;30,69
03/04/2024 17:39;60,7;8;30,63
03/04/2024 18:39;60,3;4;30,69
03/04/2024 19:39;60,3;3;30,69
03/04/2024 20:39;60,2;2;30,69
03/04/2024 21:39;60,3;1;30,69
03/04/2024 22:39;61,3;0;30,69
03/04/2024 23:39;60,8;4;30,63
04/04/2024 00:39;60,8;5;30,69
04/04/2024 01:39;61;6;30,63
04/04/2024 02:39;61,1;7;30,69
04/04/2024 03:39;60,7;8;30,63
04/04/2024 04:39;60,3;4;30,69
04/04/2024 05:39;60,3;3;30,69
04/04/2024 06:39;60,2;2;30,69
04/04/2024 07:39;60,3;1;30,69
04/04/2024 08:39;61,3;0;30,69
04/04/2024 09:39;60,8;4;30,63
04/04/2024 10:39;60,8;5;30,69
04/04/2024 11:39;61;6;30,63
04/04/2024 12:39;61,1;7;30,69
04/04/2024 13:39;60,7;8;30,63
04/04/2024 14:39;60,3;4;30,69
04/04/2024 15:39;60,3;3;30,69
04/04/2024 16:39;60,2;2;30,69
04/04/2024 17:39;60,3;1;30,69
04/04/2024 18:39;61,3;0;30,69
04/04/2024 19:39;60,8;4;30,63
04/04/2024 20:39;60,8;5;30,69
04/04/2024 21:39;61;6;30,63
04/04/2024 22:39;61,1;7;30,69
04/04/2024 23:39;60,7;8;30,63
05/04/2024 00:39;60,3;4;30,69
05/04/2024 01:39;60,3;3;30,69
05/04/2024 02:39;60,2;2;30,69
05/04/2024 03:39;60,3;1;30,69
05/04/2024 04:39;61,3;0;30,69
05/04/2024 05:39;60,8;4;30,63
05/04/2024 06:39;60,8;5;30,69
05/04/2024 07:39;61;6;30,63
05/04/2024 08:39;61,1;7;30,69
05/04/2024 09:39;60,7;8;30,63
05/04/2024 10:39;60,3;4;30,69
05/04/2024 11:39;60,3;3;30,69
05/04/2024 12:39;60,2;22;30,69
05/04/2024 13:39;60,3;21;30,69
05/04/2024 14:39;61,3;19;30,69
05/04/2024 15:39;60,8;25;30,63
05/04/2024 16:39;60,8;27;30,69
05/04/2024 17:39;61;28;30,63
05/04/2024 18:39;61,1;23;30,69
05/04/2024 19:39;60,7;27;30,63
05/04/2024 20:39;60,3;29;30,69
05/04/2024 21:39;60,3;30;30,69
05/04/2024 22:39;60,2;28;30,69
05/04/2024 23:39;60,3;26;30,69
06/04/2024 00:39;61,3;27;30,69
06/04/2024 01:39;60,8;25;30,63
06/04/2024 02:39;60,8;18;30,69
06/04/2024 03:39;61;26;30,63
06/04/2024 04:39;61,1;29;30,69
06/04/2024 05:39;60,7;30;30,63
06/04/2024 06:39;60,3;33;30,69
06/04/2024 07:39;60,3;28;30,69
06/04/2024 08:39;60,2;27;30,69
06/04/2024 09:39;60,3;25;30,69
06/04/2024 10:39;61,3;24;30,69
06/04/2024 11:39;60,8;26;30,63
06/04/2024 12:39;60,8;27;30,69
06/04/2024 13:39;61;25;30,63
06/04/2024 14:39;61,1;28;30,69
06/04/2024 15:39;60,7;29;30,63
06/04/2024 16:39;60,3;25;30,69
06/04/2024 17:39;60,3;26;30,69
06/04/2024 18:39;60,2;27;30,69
06/04/2024 19:39;60,3;28;30,69
06/04/2024 20:39;61,3;24;30,69
06/04/2024 21:39;60,8;25;30,63
06/04/2024 22:39;60,8;26;30,69
06/04/2024 23:39;61;28;30,63
07/04/2024 00:39;61,1;27;30,69
07/04/2024 01:39;60,7;29;30,63
07/04/2024 02:39;60,3;28;30,69
07/04/2024 03:39;60,3;25;30,69
07/04/2024 04:39;60,2;19;30,69
07/04/2024 05:39;60,3;18;30,69
07/04/2024 06:39;61,3;23;30,69
07/04/2024 07:39;60,8;25;30,63
07/04/2024 08:39;60,8;21;30,69
07/04/2024 09:39;61;23;30,63
07/04/2024 10:39;61,1;24;30,69
07/04/2024 11:39;60,7;28;30,63
07/04/2024 12:39;60,3;26;30,69
07/04/2024 13:39;60,3;22;30,69
07/04/2024 14:39;60,2;23;30,69
07/04/2024 15:39;60,3;30;30,69
07/04/2024 16:39;61,3;25;30,69
07/04/2024 17:39;60,8;27;30,63
07/04/2024 18:39;60,8;28;30,69
07/04/2024 19:39;61;18;30,63
07/04/2024 20:39;61,1;29;30,69
07/04/2024 21:39;60,7;25;30,63
07/04/2024 22:39;60,3;24;30,69
08/04/2024 07:39;60,3;27;30,69
08/04/2024 08:39;60,2;28;30,69
08/04/2024 09:39;60,3;25;30,69
08/04/2024 10:39;61,3;26;30,69
08/04/2024 11:39;60,8;24;30,63
08/04/2024 12:39;60,8;22;30,69
08/04/2024 13:39;61;18;30,63
;;;
;;;
;;;
;;;
;;;
;;;
;;;
;;;
;;;
;;;
;;;
;;;
;;;
;;;
;;;
;;;
;;;
;;;
;;;
;;;
;;;
;;;
;;;
;;;
;;;
;;;
;;;
;;;
;;;
;;;
;;;
;;;
;;;
;;;
;;;
;;;
;;;
;;;
;;;
;;;
;;;
;;;
;;;
;;;
;;;
;;;
;;;
;;;
;;;
;;;
;;;
;;;
;;;
;;;
;;;
;;;
;;;
;;;
;;;
;;;
;;;
;;;
;;;
;;;
;;;
;;;
;;;
;;;
;;;
;;;
;;;
;;;
;;;
;;;
;;;
;;;
;;;
;;;
;;;
;;;
;;;
;;;
;;;
;;;
;;;
;;;
;;;
;;;
;;;
;;;
;;;
;;;
;;;
;;;
;;;
;;;
;;;
;;;
;;;
;;;
;;;
;;;
;;;
;;;
;;;
;;;
;;;
;;;
;;;
;;;
;;;
;;;
;;;
;;;
;;;
;;;
;;;
;;;
;;;
;;;
;;;
;;;
;;;
;;;
;;;
;;;
;;;
;;;
;;;
;;;
;;;
;;;
;;;
;;;
;;;
;;;
;;;
;;;
;;;
;;;
;;;
;;;
;;;
;;;
;;;
;;;
;;;
;;;
;;;
;;;
;;;
;;;
;;;
;;;
;;;
;;;
;;;
;;;
;;;
;;;
;;;
;;;
;;;
;;;
;;;
;;;
;;;
;;;
;;;
;;;
;;;
;;;
;;;
;;;
;;;
;;;
;;;
;;;
;;;
;;;
;;;
;;;
;;;
;;;
;;;
;;;
;;;
;;;
;;;
;;;
;;;
;;;
;;;
;;;
;;;
;;;
;;;
;;;
;;;
;;;
;;;
;;;
;;;
;;;
;;;
;;;
;;;
;;;
;;;
;;;
;;;
;;;
;;;
;;;
;;;
;;;
;;;
;;;
;;;
;;;
;;;
;;;
;;;
;;;
;;;
;;;
;;;
;;;
;;;
;;;
;;;
;;;
;;;
;;;
;;;
;;;
;;;
;;;
;;;
;;;
;;;
;;;
;;;
;;;
;;;
;;;
;;;
;;;
;;;
;;;
;;;
;;;
;;;
;;;
;;;
;;;
;;;
;;;
;;;
;;;
;;;
;;;
;;;
;;;
;;;
;;;
;;;
;;;
;;;
;;;
;;;
;;;
;;;
;;;
;;;
;;;
;;;
;;;
;;;
;;;
;;;
;;;
;;;
;;;
;;;
;;;
;;;
;;;
;;;
;;;
;;;
;;;
;;;
;;;
;;;
;;;
;;;
;;;
;;;
;;;
;;;
;;;
;;;
;;;
;;;
;;;
;;;
;;;
;;;
;;;
;;;
;;;
;;;
;;;
;;;
;;;
;;;
;;;
;;;
;;;
;;;
;;;
;;;
;;;
;;;
;;;
;;;
;;;
;;;
;;;
;;;
;;;
;;;
;;;
;;;
;;;
;;;
;;;
;;;
;;;
;;;
;;;
;;;
;;;
;;;
;;;
;;;
;;;
;;;
;;;
;;;
;;;
;;;
;;;
;;;
;;;
;;;
;;;
;;;
